{"cameraMode":{"drawMode":0,"name":"Shaded","section":"Shading Mode"},"sceneLighting":true,"audioPlay":false,"sceneViewState":{"showFog":true,"showMaterialUpdate":false,"showSkybox":true,"showFlares":true,"showImageEffects":true,"showParticleSystems":true},"in2DMode":false,"pivot":{"x":6.717128276824951,"y":2.676248788833618,"z":3.2833564281463625},"rotation":{"x":-0.0002203012554673478,"y":0.997295618057251,"z":-0.0734335258603096,"w":-0.0029918961226940157},"size":1.7298908233642579,"orthographic":false}